"DESCRIPTION","DURATION IN MS","NAME","PARENT SUITE","START TIME","STATUS","STOP TIME","SUB SUITE","SUITE","TEST CLASS","TEST METHOD"
"  As a registered user
  I want to authenticate into the application
  So that I can access my secure account dashboard","49766","Successful login with valid credentials","","Tue Feb 03 09:52:02 UTC 2026","passed","Tue Feb 03 09:52:52 UTC 2026","","Login Flow Challenge","Successful login with valid credentials",""
"  As a registered user
  I want to authenticate into the application
  So that I can access my secure account dashboard","49666","Failed login with invalid credentials","","Tue Feb 03 09:52:02 UTC 2026","passed","Tue Feb 03 09:52:52 UTC 2026","","Login Flow Challenge","Failed login with invalid credentials",""
"  As a registered user
  I want to authenticate into the application
  So that I can access my secure account dashboard","49626","Failed login with invalid credentials","","Tue Feb 03 09:52:02 UTC 2026","passed","Tue Feb 03 09:52:52 UTC 2026","","Login Flow Challenge","Failed login with invalid credentials",""
"  As a registered user
  I want to authenticate into the application
  So that I can access my secure account dashboard","49798","Failed login with invalid credentials","","Tue Feb 03 09:52:02 UTC 2026","passed","Tue Feb 03 09:52:52 UTC 2026","","Login Flow Challenge","Failed login with invalid credentials",""
"  As a registered user
  I want to authenticate into the application
  So that I can access my secure account dashboard","1549","Failed login with invalid credentials","","Tue Feb 03 09:52:52 UTC 2026","passed","Tue Feb 03 09:52:53 UTC 2026","","Login Flow Challenge","Failed login with invalid credentials",""
"  As a registered user
  I want to authenticate into the application
  So that I can access my secure account dashboard","1492","Failed login with invalid credentials","","Tue Feb 03 09:52:52 UTC 2026","passed","Tue Feb 03 09:52:53 UTC 2026","","Login Flow Challenge","Failed login with invalid credentials",""
